Datetime,Close TSLA,High TSLA,Low TSLA,Open TSLA,Volume TSLA
2025-10-23 13:30:00+00:00,419.3799133300781,420.3599853515625,417.40008544921875,420.1000061035156,6503253
2025-10-23 13:31:00+00:00,416.92999267578125,419.2300109863281,415.5,419.2200012207031,1285785
2025-10-23 13:32:00+00:00,418.29998779296875,419.0,416.82000732421875,416.9700012207031,756022
2025-10-23 13:33:00+00:00,416.22021484375,419.5799865722656,416.1300048828125,418.3299865722656,898388
2025-10-23 13:34:00+00:00,416.5356140136719,416.7900085449219,413.9200134277344,416.239990234375,1666537
2025-10-23 13:35:00+00:00,414.4599914550781,416.79998779296875,414.4599914550781,416.4967041015625,835425
2025-10-23 13:36:00+00:00,416.0849914550781,416.09649658203125,413.8999938964844,414.5,1014132
2025-10-23 13:37:00+00:00,416.6000061035156,417.0993957519531,414.7300109863281,416.0849914550781,766984
2025-10-23 13:38:00+00:00,417.2900085449219,417.8999938964844,416.2101135253906,416.5415954589844,748428
2025-10-23 13:39:00+00:00,419.04998779296875,419.2799987792969,417.1300048828125,417.2799072265625,817635
2025-10-23 13:40:00+00:00,421.42999267578125,421.6099853515625,418.7200012207031,419.04998779296875,1055638
2025-10-23 13:41:00+00:00,421.2650146484375,422.1167907714844,420.8999938964844,421.38330078125,835664
2025-10-23 13:42:00+00:00,419.8489990234375,421.8999938964844,419.4400939941406,421.2699890136719,867188
2025-10-23 13:43:00+00:00,419.5400085449219,420.1700134277344,419.010009765625,419.8900146484375,514140
2025-10-23 13:44:00+00:00,419.3500061035156,421.1886901855469,419.07000732421875,419.5,531574
2025-10-23 13:45:00+00:00,419.57000732421875,420.44000244140625,419.2900085449219,419.3550109863281,386118
2025-10-23 13:46:00+00:00,418.2950134277344,419.69000244140625,417.55999755859375,419.57379150390625,729771
2025-10-23 13:47:00+00:00,417.5880126953125,418.5199890136719,417.1199951171875,418.32000732421875,556904
2025-10-23 13:48:00+00:00,418.7900085449219,419.1499938964844,417.5809020996094,417.5809020996094,371803
2025-10-23 13:49:00+00:00,420.260009765625,420.7499084472656,418.7200012207031,418.76251220703125,498531
2025-10-23 13:50:00+00:00,422.593994140625,422.7898864746094,420.3399963378906,420.3399963378906,626961
2025-10-23 13:51:00+00:00,421.8403015136719,422.659912109375,421.1600036621094,422.6000061035156,485669
2025-10-23 13:52:00+00:00,421.0400085449219,422.1216125488281,420.8699951171875,421.760009765625,452054
2025-10-23 13:53:00+00:00,422.6488952636719,422.8699951171875,420.8299865722656,420.9800109863281,445547
2025-10-23 13:54:00+00:00,423.8699035644531,423.8699035644531,422.4700012207031,422.6296081542969,571116
2025-10-23 13:55:00+00:00,424.20001220703125,424.4999084472656,423.4200134277344,423.80999755859375,477767
2025-10-23 13:56:00+00:00,423.3900146484375,424.92999267578125,423.28009033203125,424.2430114746094,549390
2025-10-23 13:57:00+00:00,422.92529296875,423.3995056152344,422.3420104980469,423.3995056152344,453586
2025-10-23 13:58:00+00:00,424.239990234375,424.239990234375,422.55999755859375,422.9800109863281,382000
2025-10-23 13:59:00+00:00,422.44439697265625,424.4100036621094,422.20001220703125,424.0899963378906,337140
2025-10-23 14:00:00+00:00,422.4800109863281,423.1000061035156,421.85650634765625,422.4844055175781,293024
2025-10-23 14:01:00+00:00,422.7254943847656,423.2445068359375,422.1271057128906,422.54998779296875,267265
2025-10-23 14:02:00+00:00,424.1824951171875,424.20001220703125,422.75,422.75,312147
2025-10-23 14:03:00+00:00,424.19000244140625,424.6300048828125,423.79998779296875,424.239990234375,340159
2025-10-23 14:04:00+00:00,424.0899963378906,425.3500061035156,423.5,424.05999755859375,520704
2025-10-23 14:05:00+00:00,424.9700012207031,425.3299865722656,423.80999755859375,424.1549987792969,398592
2025-10-23 14:06:00+00:00,424.5650939941406,425.0046081542969,424.19000244140625,424.8999938964844,324447
2025-10-23 14:07:00+00:00,424.9200134277344,425.1199951171875,423.7200012207031,424.5320129394531,328878
2025-10-23 14:08:00+00:00,424.6994934082031,425.25,424.6499938964844,425.010009765625,290987
2025-10-23 14:09:00+00:00,424.32501220703125,425.8500061035156,423.8999938964844,424.7099914550781,566738
2025-10-23 14:10:00+00:00,424.0899963378906,424.8247985839844,423.20001220703125,424.3699951171875,364595
2025-10-23 14:11:00+00:00,425.4949951171875,425.5849914550781,423.3999938964844,424.0799865722656,371407
2025-10-23 14:12:00+00:00,424.8121032714844,425.7900085449219,424.1600036621094,425.5150146484375,330380
2025-10-23 14:13:00+00:00,425.5549011230469,425.5899963378906,424.8399963378906,424.8399963378906,222407
2025-10-23 14:14:00+00:00,424.78350830078125,425.6400146484375,424.6600036621094,425.5350036621094,196329
2025-10-23 14:15:00+00:00,424.7099914550781,425.29998779296875,424.5199890136719,424.77911376953125,194072
2025-10-23 14:16:00+00:00,424.8500061035156,425.3044128417969,424.30999755859375,424.7090148925781,221620
2025-10-23 14:17:00+00:00,425.5,426.1600036621094,424.0,424.7799987792969,537398
2025-10-23 14:18:00+00:00,424.6499938964844,425.6000061035156,424.4100036621094,425.43280029296875,272388
2025-10-23 14:19:00+00:00,423.69000244140625,424.9100036621094,423.4599914550781,424.6099853515625,428689
2025-10-23 14:20:00+00:00,423.10400390625,424.39300537109375,423.05999755859375,423.6499938964844,301677
2025-10-23 14:21:00+00:00,424.05499267578125,424.2900085449219,422.6000061035156,423.1600036621094,350632
2025-10-23 14:22:00+00:00,423.9100036621094,424.44989013671875,423.4601135253906,424.1099853515625,215606
2025-10-23 14:23:00+00:00,425.2099914550781,425.2699890136719,423.6499938964844,423.93499755859375,317057
2025-10-23 14:24:00+00:00,425.05499267578125,425.3599853515625,424.7200927734375,425.2300109863281,235997
2025-10-23 14:25:00+00:00,425.17999267578125,425.7898864746094,424.8999938964844,425.0889892578125,281016
2025-10-23 14:26:00+00:00,425.29998779296875,425.9399108886719,425.0,425.19000244140625,270515
2025-10-23 14:27:00+00:00,425.1300048828125,425.4800109863281,424.7799987792969,425.2850036621094,223244
2025-10-23 14:28:00+00:00,424.6449890136719,425.4100036621094,424.4200134277344,425.1351013183594,189809
2025-10-23 14:29:00+00:00,424.45989990234375,424.94000244140625,424.1510925292969,424.60009765625,212578
2025-10-23 14:30:00+00:00,424.1000061035156,425.04998779296875,424.0,424.42999267578125,286616
2025-10-23 14:31:00+00:00,423.8799133300781,424.6705017089844,423.6400146484375,424.1400146484375,189971
2025-10-23 14:32:00+00:00,423.2525939941406,424.2300109863281,423.1000061035156,423.8450012207031,292800
2025-10-23 14:33:00+00:00,422.2699890136719,423.7200012207031,422.17999267578125,423.2850036621094,363960
2025-10-23 14:34:00+00:00,422.260009765625,422.69000244140625,422.010009765625,422.32501220703125,245776
2025-10-23 14:35:00+00:00,422.5494079589844,422.6000061035156,421.5,422.2120056152344,314375
2025-10-23 14:36:00+00:00,422.3900146484375,422.8599853515625,422.2900085449219,422.5450134277344,224540
2025-10-23 14:37:00+00:00,422.8949890136719,422.9200134277344,421.8900146484375,422.3301086425781,300540
2025-10-23 14:38:00+00:00,422.30999755859375,423.2300109863281,421.44000244140625,422.8949890136719,383559
2025-10-23 14:39:00+00:00,421.54998779296875,422.34259033203125,421.1600036621094,422.34259033203125,267764
2025-10-23 14:40:00+00:00,421.94000244140625,422.1199951171875,421.3200988769531,421.5450134277344,240791
2025-10-23 14:41:00+00:00,422.2821960449219,422.489990234375,421.6640930175781,421.9800109863281,175314
2025-10-23 14:42:00+00:00,421.82269287109375,422.69000244140625,421.7401123046875,422.30499267578125,165432
2025-10-23 14:43:00+00:00,421.1600036621094,422.1000061035156,420.8299865722656,421.82000732421875,264055
2025-10-23 14:44:00+00:00,420.9450988769531,421.3999938964844,420.5,421.1199951171875,280534
2025-10-23 14:45:00+00:00,421.9049987792969,422.13958740234375,420.6499938964844,420.9451904296875,257625
2025-10-23 14:46:00+00:00,423.0,423.0799865722656,421.9010925292969,421.94000244140625,247852
2025-10-23 14:47:00+00:00,423.1148986816406,423.3299865722656,422.9599914550781,423.0299987792969,248807
2025-10-23 14:48:00+00:00,423.0199890136719,423.31988525390625,422.7200012207031,423.14990234375,184381
2025-10-23 14:49:00+00:00,422.8351135253906,423.20001220703125,422.7099914550781,423.0434875488281,140989
2025-10-23 14:50:00+00:00,423.16290283203125,423.5,422.75,422.8299865722656,171194
2025-10-23 14:51:00+00:00,423.5950012207031,423.6299133300781,422.8900146484375,423.2049865722656,153488
2025-10-23 14:52:00+00:00,423.30999755859375,423.7699890136719,423.30999755859375,423.6300048828125,157915
2025-10-23 14:53:00+00:00,423.6499938964844,423.7688903808594,423.0000915527344,423.31500244140625,148746
2025-10-23 14:54:00+00:00,423.3949890136719,424.0299987792969,423.17999267578125,423.6199951171875,185751
2025-10-23 14:55:00+00:00,424.45001220703125,424.8599853515625,423.2799987792969,423.3399963378906,263183
2025-10-23 14:56:00+00:00,423.95001220703125,424.5,423.78271484375,424.5,183493
2025-10-23 14:57:00+00:00,424.3822021484375,424.5199890136719,423.6300964355469,423.9599914550781,180565
2025-10-23 14:58:00+00:00,425.17999267578125,425.17999267578125,424.2799987792969,424.4100036621094,312461
2025-10-23 14:59:00+00:00,424.864990234375,425.28961181640625,424.75,425.1650085449219,181993
2025-10-23 15:00:00+00:00,425.0299987792969,425.17999267578125,424.7900085449219,424.864990234375,110608
2025-10-23 15:01:00+00:00,424.7099914550781,425.4599914550781,424.44000244140625,425.0119934082031,224423
2025-10-23 15:02:00+00:00,426.6300048828125,427.0799865722656,424.4801025390625,424.7300109863281,595653
2025-10-23 15:03:00+00:00,428.1424865722656,428.82000732421875,426.510009765625,426.6300048828125,687533
2025-10-23 15:04:00+00:00,427.9927062988281,428.2699890136719,427.55999755859375,428.2098083496094,388419
2025-10-23 15:05:00+00:00,427.864990234375,428.2477111816406,427.5,428.1000061035156,268139
2025-10-23 15:06:00+00:00,427.7699890136719,428.1000061035156,427.5400085449219,427.8573913574219,218083
2025-10-23 15:07:00+00:00,427.9700012207031,428.20001220703125,427.5,427.739990234375,208105
2025-10-23 15:08:00+00:00,428.8999938964844,428.97430419921875,427.69000244140625,427.9999084472656,336646
2025-10-23 15:09:00+00:00,429.3399963378906,429.70001220703125,428.6700134277344,428.8999938964844,477495
2025-10-23 15:10:00+00:00,429.40740966796875,429.8999938964844,429.20001220703125,429.2950134277344,349439
2025-10-23 15:11:00+00:00,429.0150146484375,429.95001220703125,428.739990234375,429.489990234375,370697
2025-10-23 15:12:00+00:00,428.6000061035156,429.2300109863281,428.5299987792969,428.9849853515625,300867
2025-10-23 15:13:00+00:00,429.14599609375,429.2499084472656,428.2799987792969,428.6094970703125,299535
2025-10-23 15:14:00+00:00,429.1600036621094,429.7983093261719,428.7091064453125,429.16448974609375,222502
2025-10-23 15:15:00+00:00,429.00311279296875,429.49798583984375,428.79998779296875,429.1600036621094,172680
2025-10-23 15:16:00+00:00,428.7601013183594,429.07269287109375,428.6099853515625,428.9967956542969,156064
2025-10-23 15:17:00+00:00,429.989990234375,430.29998779296875,428.75,428.9200134277344,489966
2025-10-23 15:18:00+00:00,430.7273864746094,430.8299865722656,429.5000915527344,430.0249938964844,375878
2025-10-23 15:19:00+00:00,430.610107421875,430.80999755859375,430.0,430.80999755859375,282167
2025-10-23 15:20:00+00:00,430.2912902832031,430.8800048828125,430.05999755859375,430.6499938964844,270845
2025-10-23 15:21:00+00:00,431.4849853515625,431.5799865722656,430.25,430.2850036621094,433767
2025-10-23 15:22:00+00:00,431.489990234375,431.8561096191406,431.0801086425781,431.5400085449219,307208
2025-10-23 15:23:00+00:00,431.3999938964844,431.75,430.8800964355469,431.41290283203125,310861
2025-10-23 15:24:00+00:00,431.17999267578125,431.8800048828125,430.7300109863281,431.3778991699219,324939
2025-10-23 15:25:00+00:00,431.0,431.5,430.7099914550781,431.1099853515625,222694
2025-10-23 15:26:00+00:00,430.6300048828125,431.3999938964844,430.50390625,431.0173034667969,197161
2025-10-23 15:27:00+00:00,430.9599914550781,431.4700012207031,430.4200134277344,430.60888671875,253628
2025-10-23 15:28:00+00:00,430.73260498046875,431.0299987792969,430.25,430.94000244140625,190230
2025-10-23 15:29:00+00:00,430.8900146484375,431.010009765625,430.5932922363281,430.7380065917969,143468
2025-10-23 15:30:00+00:00,431.8210144042969,432.2900085449219,430.78009033203125,430.864990234375,387250
2025-10-23 15:31:00+00:00,432.07000732421875,432.4599914550781,431.54998779296875,431.8644104003906,316613
2025-10-23 15:32:00+00:00,431.5400085449219,432.3265075683594,431.5000915527344,432.0899963378906,171486
2025-10-23 15:33:00+00:00,432.4909973144531,432.6099853515625,431.54010009765625,431.6099853515625,232920
2025-10-23 15:34:00+00:00,432.29998779296875,432.75,432.1300048828125,432.5,203323
2025-10-23 15:35:00+00:00,432.0700988769531,432.55999755859375,432.0299987792969,432.2749938964844,181369
2025-10-23 15:36:00+00:00,431.4200134277344,432.2398986816406,431.29998779296875,432.1283874511719,262702
2025-10-23 15:37:00+00:00,431.92999267578125,432.17999267578125,431.42999267578125,431.42999267578125,153710
2025-10-23 15:38:00+00:00,433.1412048339844,433.3299865722656,431.9014892578125,431.9800109863281,321062
2025-10-23 15:39:00+00:00,432.7699890136719,433.20001220703125,432.7500915527344,433.1449890136719,169448
2025-10-23 15:40:00+00:00,433.3800048828125,433.4700012207031,432.6199951171875,432.8800048828125,228658
2025-10-23 15:41:00+00:00,433.15521240234375,433.5400085449219,432.7099914550781,433.3512878417969,262603
2025-10-23 15:42:00+00:00,432.875,433.1700134277344,432.33050537109375,433.1700134277344,183794
2025-10-23 15:43:00+00:00,432.07501220703125,432.989013671875,432.010009765625,432.7900085449219,189556
2025-10-23 15:44:00+00:00,431.2200012207031,432.16839599609375,430.90008544921875,432.0400085449219,362472
2025-10-23 15:45:00+00:00,431.885498046875,432.1199951171875,430.8728942871094,431.2449951171875,227149
2025-10-23 15:46:00+00:00,431.9649963378906,432.3399963378906,431.5600891113281,431.875,165347
2025-10-23 15:47:00+00:00,431.4104919433594,432.1000061035156,431.3500061035156,431.9599914550781,149779
2025-10-23 15:48:00+00:00,432.0400085449219,432.0400085449219,431.1839904785156,431.4049987792969,169756
2025-10-23 15:49:00+00:00,431.1900939941406,431.99859619140625,431.1199951171875,431.989990234375,146716
2025-10-23 15:50:00+00:00,431.4955139160156,431.6099853515625,430.760009765625,431.2698974609375,211314
2025-10-23 15:51:00+00:00,431.6400146484375,431.8399963378906,431.2709045410156,431.6000061035156,129208
2025-10-23 15:52:00+00:00,432.07000732421875,432.2998962402344,431.3999938964844,431.6294860839844,144384
2025-10-23 15:53:00+00:00,432.29998779296875,432.39990234375,431.7900085449219,432.17999267578125,132346
2025-10-23 15:54:00+00:00,432.5400085449219,432.9700012207031,432.2200927734375,432.260009765625,190206
2025-10-23 15:55:00+00:00,432.0848083496094,432.5,431.80999755859375,432.5,163105
2025-10-23 15:56:00+00:00,432.25,432.6000061035156,432.0299987792969,432.07501220703125,106009
2025-10-23 15:57:00+00:00,432.1600036621094,432.45001220703125,432.10009765625,432.2900085449219,361202
2025-10-23 15:58:00+00:00,432.4909973144531,432.75,432.1199951171875,432.260009765625,128971
2025-10-23 15:59:00+00:00,433.8999938964844,433.9700012207031,432.45001220703125,432.54998779296875,243750
2025-10-23 16:00:00+00:00,433.19000244140625,434.0,432.7900085449219,433.8999938964844,322967
2025-10-23 16:01:00+00:00,433.3302917480469,433.630615234375,432.840087890625,433.2099914550781,150823
2025-10-23 16:02:00+00:00,433.64019775390625,433.8699951171875,433.4513854980469,433.489990234375,166914
2025-10-23 16:03:00+00:00,434.4036865234375,434.55999755859375,433.6000061035156,433.7095031738281,307605
2025-10-23 16:04:00+00:00,434.2550048828125,434.64990234375,434.16009521484375,434.3800048828125,205727
2025-10-23 16:05:00+00:00,434.20001220703125,434.4800109863281,433.7200012207031,434.30999755859375,183022
2025-10-23 16:06:00+00:00,434.71990966796875,434.8900146484375,434.04998779296875,434.2200012207031,251984
2025-10-23 16:07:00+00:00,434.3500061035156,434.8900146484375,434.25,434.69000244140625,180943
2025-10-23 16:08:00+00:00,434.1700134277344,434.364990234375,433.57000732421875,434.364990234375,221423
2025-10-23 16:09:00+00:00,433.44500732421875,434.1960144042969,433.3999938964844,434.114990234375,152070
2025-10-23 16:10:00+00:00,433.95001220703125,434.0400085449219,433.2243957519531,433.45001220703125,172836
2025-10-23 16:11:00+00:00,434.2149963378906,434.2799987792969,433.4800109863281,433.9049987792969,135642
2025-10-23 16:12:00+00:00,434.2372131347656,434.5,434.0000915527344,434.2488098144531,169451
2025-10-23 16:13:00+00:00,434.6300048828125,434.6400146484375,433.7200012207031,434.2449951171875,163692
2025-10-23 16:14:00+00:00,434.42999267578125,434.62298583984375,434.17999267578125,434.62298583984375,115017
2025-10-23 16:15:00+00:00,435.3800964355469,435.5,434.3699951171875,434.3699951171875,319608
2025-10-23 16:16:00+00:00,435.04998779296875,435.4800109863281,434.8200988769531,435.4100036621094,215648
2025-10-23 16:17:00+00:00,435.1899108886719,435.2799987792969,434.6000061035156,435.0950012207031,178636
2025-10-23 16:18:00+00:00,434.9198913574219,435.30999755859375,434.75,435.1700134277344,151550
2025-10-23 16:19:00+00:00,434.59991455078125,435.0899963378906,434.3599853515625,434.8327941894531,159762
2025-10-23 16:20:00+00:00,434.3512878417969,434.5299987792969,433.79998779296875,434.5,211732
2025-10-23 16:21:00+00:00,434.5000915527344,434.92999267578125,434.2300109863281,434.3550109863281,168297
2025-10-23 16:22:00+00:00,435.04998779296875,435.1000061035156,434.3999938964844,434.5421142578125,145340
2025-10-23 16:23:00+00:00,434.4949951171875,435.07989501953125,434.42999267578125,435.04998779296875,119608
2025-10-23 16:24:00+00:00,434.635009765625,434.95001220703125,434.45001220703125,434.4800109863281,96138
2025-10-23 16:25:00+00:00,434.7608947753906,434.8800048828125,434.44000244140625,434.635009765625,128132
2025-10-23 16:26:00+00:00,434.8699951171875,435.05999755859375,434.4400939941406,434.7349853515625,144148
2025-10-23 16:27:00+00:00,435.1400146484375,435.3399963378906,434.70001220703125,434.8699951171875,182212
2025-10-23 16:28:00+00:00,435.8699951171875,436.7300109863281,434.8785095214844,435.07000732421875,400143
2025-10-23 16:29:00+00:00,436.3500061035156,436.409912109375,435.6400146484375,435.8550109863281,206700
2025-10-23 16:30:00+00:00,436.7900085449219,437.07000732421875,436.2300109863281,436.4010925292969,318479
2025-10-23 16:31:00+00:00,436.8500061035156,437.2296142578125,436.70001220703125,436.79010009765625,240435
2025-10-23 16:32:00+00:00,437.0950012207031,437.29998779296875,436.5,436.8299865722656,267435
2025-10-23 16:33:00+00:00,436.75,437.3500061035156,436.7200012207031,437.0950012207031,215180
2025-10-23 16:34:00+00:00,437.076904296875,437.21990966796875,436.7101135253906,436.8183898925781,162194
2025-10-23 16:35:00+00:00,437.7799987792969,437.80999755859375,436.90008544921875,437.1099853515625,273351
2025-10-23 16:36:00+00:00,438.34271240234375,438.5,437.5899963378906,437.7699890136719,407679
2025-10-23 16:37:00+00:00,438.6400146484375,438.8599853515625,438.1400146484375,438.3450012207031,353204
2025-10-23 16:38:00+00:00,438.2300109863281,438.7200012207031,437.8900146484375,438.62701416015625,258005
2025-10-23 16:39:00+00:00,438.95001220703125,438.9800109863281,438.1719970703125,438.2650146484375,272133
2025-10-23 16:40:00+00:00,439.8900146484375,439.9800109863281,438.6000061035156,438.948486328125,536420
2025-10-23 16:41:00+00:00,439.75,440.19989013671875,439.6300048828125,439.8901062011719,475524
2025-10-23 16:42:00+00:00,440.4800109863281,440.5400085449219,439.44000244140625,439.789306640625,455598
2025-10-23 16:43:00+00:00,440.70001220703125,440.79998779296875,439.8999938964844,440.44500732421875,447982
2025-10-23 16:44:00+00:00,441.16900634765625,441.19000244140625,440.6499938964844,440.70001220703125,455526
2025-10-23 16:45:00+00:00,441.0350036621094,441.7200012207031,440.7300109863281,441.19000244140625,529082
2025-10-23 16:46:00+00:00,440.31719970703125,441.125,440.1650085449219,441.05999755859375,372061
2025-10-23 16:47:00+00:00,440.8999938964844,441.04998779296875,440.1199951171875,440.3900146484375,360173
2025-10-23 16:48:00+00:00,440.6520080566406,441.2900085449219,440.2601013183594,440.94000244140625,301102
2025-10-23 16:49:00+00:00,440.54840087890625,441.0799865722656,440.20001220703125,440.7298889160156,210340
2025-10-23 16:50:00+00:00,440.71990966796875,441.0,440.07000732421875,440.55999755859375,228403
2025-10-23 16:51:00+00:00,441.7633056640625,441.9800109863281,440.6099853515625,440.7200012207031,417567
2025-10-23 16:52:00+00:00,442.3800048828125,442.5299987792969,441.20001220703125,441.739990234375,469576
2025-10-23 16:53:00+00:00,443.25,443.29998779296875,441.93011474609375,442.4100036621094,497599
2025-10-23 16:54:00+00:00,443.3551940917969,443.44000244140625,442.4800109863281,443.239990234375,396639
2025-10-23 16:55:00+00:00,443.781005859375,444.2200012207031,443.2900085449219,443.4200134277344,565466
2025-10-23 16:56:00+00:00,443.85260009765625,444.3500061035156,442.70001220703125,443.77850341796875,656206
2025-10-23 16:57:00+00:00,444.05950927734375,444.5378112792969,443.5,443.7522888183594,392627
2025-10-23 16:58:00+00:00,444.6106872558594,444.8699951171875,443.7200927734375,444.05859375,400335
2025-10-23 16:59:00+00:00,445.0328063964844,445.34521484375,443.7799987792969,444.6499938964844,662918
2025-10-23 17:00:00+00:00,444.8633117675781,445.53900146484375,444.5216064453125,445.0,411757
2025-10-23 17:01:00+00:00,443.7900085449219,445.1499938964844,443.6724853515625,444.7799987792969,390571
2025-10-23 17:02:00+00:00,443.1600036621094,443.8149108886719,443.0,443.79510498046875,451368
2025-10-23 17:03:00+00:00,443.25,443.5,442.5799865722656,443.17498779296875,425145
2025-10-23 17:04:00+00:00,444.1400146484375,444.8900146484375,443.1000061035156,443.21258544921875,513840
2025-10-23 17:05:00+00:00,444.1449890136719,444.95989990234375,443.68499755859375,444.0387878417969,315353
2025-10-23 17:06:00+00:00,445.2012023925781,445.29998779296875,444.07000732421875,444.30499267578125,360467
2025-10-23 17:07:00+00:00,445.3490905761719,446.5173034667969,444.93951416015625,445.20770263671875,758154
2025-10-23 17:08:00+00:00,445.42999267578125,445.57989501953125,444.3500061035156,445.4028015136719,471095
2025-10-23 17:09:00+00:00,446.5400085449219,446.8900146484375,445.20550537109375,445.30999755859375,496204
2025-10-23 17:10:00+00:00,448.0096130371094,448.1000061035156,446.3900146484375,446.543212890625,661503
2025-10-23 17:11:00+00:00,448.260009765625,448.9700012207031,447.760009765625,448.0899963378906,684889
2025-10-23 17:12:00+00:00,448.2619934082031,448.739990234375,447.8999938964844,448.260009765625,415856
2025-10-23 17:13:00+00:00,449.0826110839844,449.39990234375,448.1700134277344,448.29168701171875,658342
2025-10-23 17:14:00+00:00,447.95989990234375,449.1449890136719,447.8299865722656,449.07000732421875,399127
2025-10-23 17:15:00+00:00,447.4798889160156,448.3699951171875,447.1099853515625,447.93499755859375,414627
2025-10-23 17:16:00+00:00,446.7799072265625,447.57000732421875,446.54998779296875,447.3999938964844,409083
2025-10-23 17:17:00+00:00,447.9374084472656,448.1600036621094,446.69000244140625,446.7322082519531,363084
2025-10-23 17:18:00+00:00,446.822998046875,448.1099853515625,446.6600036621094,447.9700012207031,297373
2025-10-23 17:19:00+00:00,446.1700134277344,447.0799865722656,446.1000061035156,446.82000732421875,319391
2025-10-23 17:20:00+00:00,445.8399963378906,446.3598937988281,445.45220947265625,446.2123107910156,433231
2025-10-23 17:21:00+00:00,445.319091796875,446.0498962402344,445.05999755859375,445.8599853515625,329448
2025-10-23 17:22:00+00:00,446.1650085449219,446.20001220703125,445.17999267578125,445.339599609375,285766
2025-10-23 17:23:00+00:00,446.7373962402344,446.82000732421875,446.1650085449219,446.1650085449219,352241
2025-10-23 17:24:00+00:00,447.36248779296875,447.43499755859375,446.6453857421875,446.7699890136719,322095
2025-10-23 17:25:00+00:00,446.63299560546875,447.4200134277344,446.32000732421875,447.3699951171875,317686
2025-10-23 17:26:00+00:00,446.6300964355469,446.7998962402344,445.82611083984375,446.614990234375,233102
2025-10-23 17:27:00+00:00,447.69500732421875,448.0,446.5899963378906,446.5899963378906,386954
2025-10-23 17:28:00+00:00,446.7900085449219,447.8999938964844,446.6099853515625,447.72601318359375,270664
2025-10-23 17:29:00+00:00,446.15008544921875,447.29998779296875,446.0199890136719,446.6737060546875,222074
2025-10-23 17:30:00+00:00,446.6199951171875,446.9798889160156,445.7300109863281,446.135009765625,219689
2025-10-23 17:31:00+00:00,445.9068908691406,446.8099060058594,445.79998779296875,446.68499755859375,168163
2025-10-23 17:32:00+00:00,446.2699890136719,446.70001220703125,445.69000244140625,445.8599853515625,200887
2025-10-23 17:33:00+00:00,445.9599914550781,446.80499267578125,445.6199951171875,446.29998779296875,217293
2025-10-23 17:34:00+00:00,445.82501220703125,446.19000244140625,445.29998779296875,445.9800109863281,218123
2025-10-23 17:35:00+00:00,446.52410888671875,446.5429992675781,445.67999267578125,445.7799987792969,181720
2025-10-23 17:36:00+00:00,447.0,447.25,446.1199951171875,446.4840087890625,328339
2025-10-23 17:37:00+00:00,446.7961120605469,447.4100036621094,446.70001220703125,447.010009765625,204189
2025-10-23 17:38:00+00:00,446.7799987792969,447.5,446.5201110839844,446.8584899902344,222120
2025-10-23 17:39:00+00:00,447.5000915527344,447.7699890136719,446.70001220703125,446.82501220703125,242586
2025-10-23 17:40:00+00:00,446.3699951171875,447.69000244140625,446.2200012207031,447.5299987792969,250512
2025-10-23 17:41:00+00:00,446.54998779296875,447.14990234375,445.9706115722656,446.3900146484375,171654
2025-10-23 17:42:00+00:00,446.875,446.9599914550781,446.4601135253906,446.5299987792969,117674
2025-10-23 17:43:00+00:00,446.3500061035156,446.9599914550781,446.17999267578125,446.875,127963
2025-10-23 17:44:00+00:00,446.42498779296875,446.7099914550781,446.20001220703125,446.30999755859375,119822
2025-10-23 17:45:00+00:00,445.614990234375,446.739990234375,445.55999755859375,446.4599914550781,205251
2025-10-23 17:46:00+00:00,445.9100036621094,446.3785095214844,445.3100891113281,445.55999755859375,262343
2025-10-23 17:47:00+00:00,445.6700134277344,446.3799133300781,445.510009765625,445.8399963378906,135933
2025-10-23 17:48:00+00:00,446.0,446.2200012207031,445.57000732421875,445.6300048828125,122817
2025-10-23 17:49:00+00:00,446.81719970703125,447.0,445.80999755859375,446.05029296875,221363
2025-10-23 17:50:00+00:00,447.3900146484375,447.3900146484375,446.66009521484375,446.8900146484375,220183
2025-10-23 17:51:00+00:00,446.9891052246094,447.6000061035156,446.6400146484375,447.3599853515625,189796
2025-10-23 17:52:00+00:00,446.84368896484375,447.20001220703125,446.6400146484375,447.0050048828125,125924
2025-10-23 17:53:00+00:00,446.93499755859375,447.25,446.5,446.9100036621094,146181
2025-10-23 17:54:00+00:00,446.6199951171875,446.9599914550781,446.260009765625,446.9599914550781,144412
2025-10-23 17:55:00+00:00,447.0469055175781,447.14990234375,446.55999755859375,446.62030029296875,132594
2025-10-23 17:56:00+00:00,447.114990234375,447.1700134277344,446.57000732421875,447.1000061035156,121770
2025-10-23 17:57:00+00:00,446.80999755859375,447.2799987792969,446.79998779296875,447.1099853515625,115375
2025-10-23 17:58:00+00:00,446.79998779296875,447.29998779296875,446.6499938964844,446.8399963378906,152228
2025-10-23 17:59:00+00:00,446.82000732421875,447.0299987792969,446.70001220703125,446.82501220703125,89557
2025-10-23 18:00:00+00:00,446.4200134277344,446.9700012207031,446.4200134277344,446.8999938964844,102732
2025-10-23 18:01:00+00:00,445.5,446.6473083496094,445.4849853515625,446.4884948730469,220507
2025-10-23 18:02:00+00:00,444.2099914550781,445.7200012207031,444.0400085449219,445.55999755859375,510181
2025-10-23 18:03:00+00:00,444.9549865722656,445.0799865722656,444.1000061035156,444.2300109863281,385227
2025-10-23 18:04:00+00:00,444.1199951171875,444.9599914550781,444.1000061035156,444.8800048828125,177717
2025-10-23 18:05:00+00:00,443.6419982910156,444.2300109863281,443.6400146484375,444.05010986328125,295970
2025-10-23 18:06:00+00:00,443.75,444.24609375,443.5799865722656,443.7099914550781,255100
2025-10-23 18:07:00+00:00,444.159912109375,444.7099914550781,443.8299865722656,443.8299865722656,292499
2025-10-23 18:08:00+00:00,444.239990234375,444.3599853515625,444.0,444.26568603515625,115927
2025-10-23 18:09:00+00:00,444.1567077636719,444.45001220703125,443.840087890625,444.2449951171875,179279
2025-10-23 18:10:00+00:00,444.2279052734375,444.69989013671875,444.1000061035156,444.1600036621094,188431
2025-10-23 18:11:00+00:00,444.3550109863281,444.8299865722656,444.0799865722656,444.2200012207031,172034
2025-10-23 18:12:00+00:00,444.6499938964844,444.8399963378906,443.8900146484375,444.29998779296875,212159
2025-10-23 18:13:00+00:00,444.25,444.8999938964844,444.1199951171875,444.7698974609375,144243
2025-10-23 18:14:00+00:00,443.57000732421875,444.31500244140625,443.3900146484375,444.31500244140625,222036
2025-10-23 18:15:00+00:00,443.0574035644531,443.95001220703125,442.989990234375,443.5079040527344,279684
2025-10-23 18:16:00+00:00,444.7300109863281,444.79998779296875,443.0199890136719,443.0199890136719,311905
2025-10-23 18:17:00+00:00,444.7200012207031,445.3900146484375,444.610107421875,444.7300109863281,296549
2025-10-23 18:18:00+00:00,444.2749938964844,444.79998779296875,444.17999267578125,444.7099914550781,125523
2025-10-23 18:19:00+00:00,444.364990234375,444.489990234375,444.0199890136719,444.2710876464844,105784
2025-10-23 18:20:00+00:00,444.6202087402344,444.6499938964844,444.0199890136719,444.3482971191406,135961
2025-10-23 18:21:00+00:00,445.29998779296875,445.6499938964844,444.6499938964844,444.6499938964844,263251
2025-10-23 18:22:00+00:00,445.29998779296875,445.45001220703125,445.010009765625,445.3500061035156,106866
2025-10-23 18:23:00+00:00,444.9700012207031,445.3299865722656,444.8999938964844,445.2825927734375,139749
2025-10-23 18:24:00+00:00,445.1300048828125,445.3500061035156,444.8900146484375,444.92999267578125,108372
2025-10-23 18:25:00+00:00,445.54998779296875,445.6499938964844,445.1099853515625,445.1571960449219,169894
2025-10-23 18:26:00+00:00,445.56988525390625,445.6000061035156,445.20001220703125,445.54998779296875,118221
2025-10-23 18:27:00+00:00,446.79998779296875,446.82989501953125,445.3500061035156,445.489990234375,315476
2025-10-23 18:28:00+00:00,447.0199890136719,447.29998779296875,446.55999755859375,446.7799987792969,280628
2025-10-23 18:29:00+00:00,448.2582092285156,448.4200134277344,447.04010009765625,447.04998779296875,495567
2025-10-23 18:30:00+00:00,447.6075134277344,448.8399963378906,447.260009765625,448.31988525390625,446250
2025-10-23 18:31:00+00:00,446.7200012207031,447.551513671875,445.8800048828125,447.551513671875,341008
2025-10-23 18:32:00+00:00,446.6700134277344,447.1700134277344,446.55999755859375,446.7550048828125,200944
2025-10-23 18:33:00+00:00,446.2449951171875,446.6700134277344,446.0899963378906,446.6700134277344,187967
2025-10-23 18:34:00+00:00,446.32000732421875,446.69000244140625,446.20001220703125,446.25311279296875,128689
2025-10-23 18:35:00+00:00,445.23388671875,446.32989501953125,445.20001220703125,446.32501220703125,244261
2025-10-23 18:36:00+00:00,445.2900085449219,445.55999755859375,445.20001220703125,445.29998779296875,147906
2025-10-23 18:37:00+00:00,445.4200134277344,445.510009765625,445.2200012207031,445.3063049316406,114473
2025-10-23 18:38:00+00:00,445.4100036621094,445.7200012207031,445.1099853515625,445.3699951171875,141362
2025-10-23 18:39:00+00:00,445.40869140625,445.6099853515625,445.260009765625,445.4410095214844,92930
2025-10-23 18:40:00+00:00,445.2799987792969,445.6000061035156,445.1099853515625,445.3800048828125,94756
2025-10-23 18:41:00+00:00,444.8999938964844,445.39990234375,444.6700134277344,445.2950134277344,181193
2025-10-23 18:42:00+00:00,444.9100036621094,445.2200012207031,444.69000244140625,444.8949890136719,195230
2025-10-23 18:43:00+00:00,444.0262145996094,444.9599914550781,443.8999938964844,444.8900146484375,215002
2025-10-23 18:44:00+00:00,444.0649108886719,444.4200134277344,443.7701110839844,443.92529296875,192365
2025-10-23 18:45:00+00:00,444.1510009765625,444.3999938964844,444.0,444.0614013671875,104522
2025-10-23 18:46:00+00:00,444.8258056640625,444.9700012207031,444.1791076660156,444.1791076660156,186526
2025-10-23 18:47:00+00:00,445.07989501953125,445.1000061035156,444.5,444.8340148925781,146505
2025-10-23 18:48:00+00:00,444.14898681640625,445.25,444.0600891113281,445.06988525390625,211533
2025-10-23 18:49:00+00:00,444.29998779296875,444.5,444.05999755859375,444.1449890136719,113363
2025-10-23 18:50:00+00:00,444.6300048828125,444.8699951171875,444.2099914550781,444.277099609375,131003
2025-10-23 18:51:00+00:00,442.6099853515625,444.7200012207031,442.55999755859375,444.6300048828125,379893
2025-10-23 18:52:00+00:00,442.506103515625,442.9798889160156,441.55999755859375,442.5600891113281,495374
2025-10-23 18:53:00+00:00,443.3299865722656,443.3900146484375,442.2900085449219,442.527099609375,302706
2025-10-23 18:54:00+00:00,443.1099853515625,443.4393005371094,442.773193359375,443.3999938964844,182737
2025-10-23 18:55:00+00:00,443.510009765625,444.1600036621094,442.8999938964844,443.0758056640625,196325
2025-10-23 18:56:00+00:00,442.8349914550781,443.4700012207031,442.4100036621094,443.4700012207031,208965
2025-10-23 18:57:00+00:00,443.1449890136719,443.2200012207031,442.7900085449219,442.8349914550781,126067
2025-10-23 18:58:00+00:00,443.42999267578125,443.6455993652344,442.92608642578125,443.10650634765625,138953
2025-10-23 18:59:00+00:00,443.32000732421875,443.8800048828125,443.164306640625,443.42498779296875,126816
2025-10-23 19:00:00+00:00,443.7900085449219,444.1300048828125,443.260009765625,443.260009765625,161489
2025-10-23 19:01:00+00:00,444.0899963378906,444.1600036621094,443.3800964355469,443.75,139708
2025-10-23 19:02:00+00:00,444.1199035644531,444.1600036621094,443.6400146484375,444.114990234375,139185
2025-10-23 19:03:00+00:00,444.2349853515625,444.3699951171875,443.85089111328125,444.06500244140625,182186
2025-10-23 19:04:00+00:00,443.7409973144531,444.510009765625,443.70001220703125,444.2349853515625,137290
2025-10-23 19:05:00+00:00,443.956787109375,444.0,443.67999267578125,443.7300109863281,136108
2025-10-23 19:06:00+00:00,443.6600036621094,444.07000732421875,443.6499938964844,443.989990234375,91166
2025-10-23 19:07:00+00:00,443.69000244140625,444.0599060058594,443.54998779296875,443.6650085449219,133665
2025-10-23 19:08:00+00:00,443.0799865722656,443.8500061035156,442.9599914550781,443.7049865722656,229787
2025-10-23 19:09:00+00:00,444.26190185546875,444.3500061035156,443.0799865722656,443.1294860839844,182107
2025-10-23 19:10:00+00:00,444.7755126953125,444.79998779296875,443.90008544921875,444.2101135253906,202875
2025-10-23 19:11:00+00:00,444.8800048828125,445.2200012207031,444.4501037597656,444.7699890136719,273984
2025-10-23 19:12:00+00:00,445.3216857910156,445.4800109863281,444.92999267578125,444.94000244140625,227401
2025-10-23 19:13:00+00:00,444.9299011230469,445.3851013183594,444.6499938964844,445.3699951171875,165480
2025-10-23 19:14:00+00:00,445.0849914550781,445.1799011230469,444.6600036621094,444.9200134277344,130769
2025-10-23 19:15:00+00:00,445.32000732421875,445.45001220703125,444.8599853515625,445.06109619140625,178787
2025-10-23 19:16:00+00:00,444.8407897949219,445.44000244140625,444.79998779296875,445.3900146484375,149412
2025-10-23 19:17:00+00:00,444.8642883300781,445.3688049316406,444.7500915527344,444.8200988769531,125737
2025-10-23 19:18:00+00:00,445.23968505859375,445.30999755859375,444.70001220703125,444.82501220703125,106323
2025-10-23 19:19:00+00:00,445.1600036621094,445.6300048828125,444.9599914550781,445.2341003417969,224582
2025-10-23 19:20:00+00:00,445.3429870605469,445.55999755859375,445.04010009765625,445.0946044921875,125331
2025-10-23 19:21:00+00:00,445.410888671875,445.44000244140625,444.95001220703125,445.2699890136719,118718
2025-10-23 19:22:00+00:00,445.14739990234375,445.4435119628906,445.010009765625,445.385009765625,98902
2025-10-23 19:23:00+00:00,445.2063903808594,445.3299865722656,444.8500061035156,445.1900939941406,125815
2025-10-23 19:24:00+00:00,446.55499267578125,446.6600036621094,445.2244873046875,445.2244873046875,452114
2025-10-23 19:25:00+00:00,445.94000244140625,446.6300048828125,445.67999267578125,446.5400085449219,249108
2025-10-23 19:26:00+00:00,446.6177978515625,446.6177978515625,445.9200134277344,445.9700012207031,244453
2025-10-23 19:27:00+00:00,446.8500061035156,447.0799865722656,446.5350036621094,446.5350036621094,320626
2025-10-23 19:28:00+00:00,446.7699890136719,447.2300109863281,446.6300048828125,446.8533020019531,202660
2025-10-23 19:29:00+00:00,446.8399963378906,447.0,446.6549987792969,446.7601013183594,132769
2025-10-23 19:30:00+00:00,446.8299865722656,447.139892578125,446.5,446.7626037597656,197549
2025-10-23 19:31:00+00:00,447.2099914550781,447.32000732421875,446.7200012207031,446.79998779296875,165225
2025-10-23 19:32:00+00:00,448.010009765625,448.1700134277344,447.1914978027344,447.1914978027344,422373
2025-10-23 19:33:00+00:00,447.78948974609375,448.3699951171875,447.70001220703125,448.02899169921875,266811
2025-10-23 19:34:00+00:00,447.62799072265625,447.7962951660156,447.0299987792969,447.7962951660156,232099
2025-10-23 19:35:00+00:00,446.6199951171875,447.6299133300781,446.6199951171875,447.5700988769531,208920
2025-10-23 19:36:00+00:00,446.1300048828125,446.70001220703125,445.9100036621094,446.6099853515625,273059
2025-10-23 19:37:00+00:00,446.8900146484375,446.8900146484375,446.0799865722656,446.1099853515625,197401
2025-10-23 19:38:00+00:00,447.0400085449219,447.05999755859375,446.66009521484375,446.7699890136719,190825
2025-10-23 19:39:00+00:00,446.8900146484375,447.260009765625,446.8800048828125,446.9949951171875,197319
2025-10-23 19:40:00+00:00,447.2204895019531,447.4800109863281,446.739990234375,446.9599914550781,200016
2025-10-23 19:41:00+00:00,447.05999755859375,447.2799987792969,447.0,447.2099914550781,119676
2025-10-23 19:42:00+00:00,446.3949890136719,447.14788818359375,446.0299987792969,447.09130859375,236101
2025-10-23 19:43:00+00:00,446.70269775390625,446.8500061035156,446.32000732421875,446.3999938964844,142711
2025-10-23 19:44:00+00:00,448.1400146484375,448.2149963378906,446.6600036621094,446.69000244140625,404226
2025-10-23 19:45:00+00:00,448.5899963378906,448.760009765625,447.9501037597656,448.0,440404
2025-10-23 19:46:00+00:00,448.3450012207031,448.6499938964844,448.1600036621094,448.55999755859375,209063
2025-10-23 19:47:00+00:00,448.45001220703125,448.6499938964844,448.239990234375,448.3699951171875,208151
2025-10-23 19:48:00+00:00,448.3399963378906,448.9100036621094,448.0299987792969,448.4100036621094,339563
2025-10-23 19:49:00+00:00,448.5799865722656,448.6000061035156,448.25,448.3450012207031,196834
2025-10-23 19:50:00+00:00,449.1199951171875,449.260009765625,447.25,448.5199890136719,692562
2025-10-23 19:51:00+00:00,448.7585144042969,449.2799987792969,448.6908874511719,449.1160888671875,419605
2025-10-23 19:52:00+00:00,448.39990234375,448.79998779296875,447.760009765625,448.7853088378906,311675
2025-10-23 19:53:00+00:00,448.5299987792969,448.57000732421875,447.8299865722656,448.3999938964844,279668
2025-10-23 19:54:00+00:00,448.6300048828125,449.0,448.20001220703125,448.489990234375,1089864
2025-10-23 19:55:00+00:00,448.3900146484375,449.0,447.8299865722656,448.510009765625,318784
2025-10-23 19:56:00+00:00,448.375,448.6000061035156,448.0003967285156,448.4049987792969,298199
2025-10-23 19:57:00+00:00,448.55999755859375,448.6600036621094,448.32000732421875,448.3800048828125,294744
2025-10-23 19:58:00+00:00,448.95001220703125,449.1000061035156,448.5199890136719,448.54998779296875,515758
2025-10-23 19:59:00+00:00,448.9949951171875,449.29998779296875,448.8900146484375,448.92999267578125,838819
